station_id,station_name,agency,latitude,longitude,taluk,basis
CPCB-alandur_bus_depot_chennai_cpcb,"Alandur Bus Depot, Chennai - CPCB",CPCB,,,,CPCB CAAQM station list (city Chennai); no published coordinates yet; district membership unverified
CPCB-arumbakkam_chennai_tnpcb,"Arumbakkam, Chennai - TNPCB",TNPCB,,,,CPCB CAAQM station list (city Chennai); no published coordinates yet; district membership unverified
CPCB-gandhi_nagar_ennore_chennai_tnpcb,"Gandhi Nagar_Ennore, Chennai - TNPCB",TNPCB,,,,CPCB CAAQM station list (city Chennai); no published coordinates yet; district membership unverified
CPCB-kodungaiyur_chennai_tnpcb,"Kodungaiyur, Chennai - TNPCB",TNPCB,,,,CPCB CAAQM station list (city Chennai); no published coordinates yet; district membership unverified
CPCB-manali_chennai_cpcb,"Manali, Chennai - CPCB",CPCB,,,,CPCB CAAQM station list (city Chennai); no published coordinates yet; district membership unverified
CPCB-manali_village_chennai_tnpcb,"Manali Village, Chennai - TNPCB",TNPCB,,,,CPCB CAAQM station list (city Chennai); no published coordinates yet; district membership unverified
CPCB-perungudi_chennai_tnpcb,"Perungudi, Chennai - TNPCB",TNPCB,,,,CPCB CAAQM station list (city Chennai); no published coordinates yet; district membership unverified
CPCB-royapuram_chennai_tnpcb,"Royapuram, Chennai - TNPCB",TNPCB,,,,CPCB CAAQM station list (city Chennai); no published coordinates yet; district membership unverified
CPCB-velachery_res_area_chennai_cpcb,"Velachery Res. Area, Chennai - CPCB",CPCB,,,,CPCB CAAQM station list (city Chennai); no published coordinates yet; district membership unverified
